[
    {
        "name": "aweber/aweber",
        "version": "v1.1.18",
        "version_normalized": "1.1.18.0",
        "source": {
            "type": "git",
            "url": "https://github.com/aweber/AWeber-API-PHP-Library.git",
            "reference": "2ee27a5ed68e477c4cedfed3ae1daf310ae65845"
        },
        "dist": {
            "type": "zip",
            "url": "https://api.github.com/repos/aweber/AWeber-API-PHP-Library/zipball/2ee27a5ed68e477c4cedfed3ae1daf310ae65845",
            "reference": "2ee27a5ed68e477c4cedfed3ae1daf310ae65845",
            "shasum": ""
        },
        "require-dev": {
            "bamboohr/phpcs": "^0.1.4",
            "mayflower/php-codebrowser": "^1.1",
            "pdepend/pdepend": "^2.2",
            "php-di/phpdoc-reader": "^2.0",
            "phpdocumentor/phpdocumentor": "^2.9",
            "phploc/phploc": "^3.0",
            "phpmd/phpmd": "^2.4",
            "phpunit/phpunit": "^5.6",
            "sebastian/phpcpd": "^2.0",
            "squizlabs/php_codesniffer": "^2.7"
        },
        "time": "2017-09-13 17:29:18",
        "type": "library",
        "installation-source": "dist",
        "autoload": {
            "classmap": [
                "aweber_api/"
            ]
        },
        "notification-url": "https://packagist.org/downloads/",
        "license": [
            "GPL-2.0"
        ],
        "description": "The official AWeber API client library.",
        "homepage": "https://www.aweber.com",
        "keywords": [
            "api",
            "client",
            "email"
        ]
    }
]
